year,faculty,plan_code,plan_code_raw,programme_code,dept_code,degree_name,degree_abbrev,specialisation,variant,source_page,notes
2025,COM,CU020BUS01,,CU020,BUS01,Advanced Diploma,AdvDip,Actuarial Science,regular,20,"Convener: P Botha | This programme is also known as the “Actuarial Conversion Course” | Entrance requirements: | Candidates are required to have completed an undergraduate degree majoring in either Mathematics | or Mathematical Statistics from an accredited university, with at least two years of pure | Mathematics and Mathematical Statistics. Students are also required to have passed or have been | exempted from the Actuarial Society's A211 exam. It is essential that candidates have a solid | grounding in Mathematics and Mathematical Statistics (up to NQF 7), meeting the minimum entry | requirements for the programme. The minimum entry requirements are: 65% for | STA1006S/STA1106H - Mathematical Statistics 1 and 60% average for MAM2010F, MAM2011F, | MAM2012S and MAM2014S. | Students are also required to have passed or been exempted from the Actuarial Society's A211 exam. | Programme outline: | The UCT Advanced Diploma in Actuarial Science is an intensive programme designed to provide | graduates from disciplines other than Actuarial Science, who have demonstrated strong | mathematical and statistical skills, entry into an actuarial career and the actuarial profession. | Duration: | The programme extends over one year of full-time study, but students wishing to obtain additional | exemptions from the Actuarial Society of South Africa, and wishing to gain later acceptance into the | BCom Hons programme specialising in Actuarial Science are advised to complete the programme | over two years. | Prescribed curriculum | Note: Graduates accepted into the conversion course who have already completed the STA3000, or | equivalent, courses above may be exempted from these, but would have to take a number of additional | electives at NQF Level 7 to meet the number of courses required at level 7 to graduate with the | Advanced Diploma. Approved electives at NQF level 7 include: | *A co-requisite for MAM3000W is MAM1019H. MAM3000W counts as 2 level 7 courses. | Assessment: | Students must pass every prescribed course with at least 50%, as well as two of the elective courses | with a mark of at least 50%, to qualify for the award of the Diploma. | Readmission rules: | At least two courses need to be passed in the first year. Any course may be repeated only once. | Distinction rules: | The mark for determining a distinction will be based on the average (without rounding) of the four | best results of the five prescribed courses. Students with a mark equal to or in excess of 75% will be | awarded the diploma with distinction. | Further qualification specific notes: | A candidate may obtain credits in respect of equivalent courses completed elsewhere for one | prescribed course and up to two elective courses."
2025,COM,CU021GSB48,,CU021,GSB48,Advanced Diploma,AdvDip,Management Development,regular,21,"Convener: J Mukuddem-Petersen | Entrance requirements: | Applicants must have: | At least three years of relevant work experience, supported by a documented track record including a | curriculum vitae, referee reports and personal motivations; and | An NQF level 6 qualification. | Applicants who do not hold an NQF level 6 qualification may apply through Recognition of Prior | Learning (RPL), which requires that they: |  Hold a National Senior Certificate (NSC); |  Have at least five years of proven relevant work experience, supported by a documented | track record including a curriculum vitae, referee reports and personal motivations; and |  Demonstrate competencies at an NQF 6 academic level through a portfolio of evidence | (POL) that will be assessed by an RPL assessor. | Programme outline: | The Advanced Diploma in Management Development aims to equip students with a broad | understanding of the fundamental aspects of the management process, in order to accelerate them | towards more senior management positions. The qualification prepares graduates who can make a | significant contribution to human management needs within their organisations, through the | development of innovative and strategic leadership, with a focus on emerging markets. It aims to equip | graduates with the confidence and ability to apply and integrate the acquired skills, theories, concepts | and methods appropriately and holistically with high levels of professional responsibility in the | organisational and environmental context they operate in. | Duration: | One year (modular). | Prescribed curriculum | The Advanced Diploma in Management Development is accredited with 120 NQF credits. Students | must take all 7 compulsory courses. | Compulsory courses | GSB3002F/S/X/Z Leadership and Communication ................................................... 20 7 | GSB3003F/S/X/Z Economics of Emerging Markets ................................................. 20 7 | GSB3004F/S/X/Z Finance and Accounting Management ......................................... 20 7 | GSB3005F/S/X/Z Marketing Management ............................................................... 15 7 | GSB3006F/S/X/Z Human Resources Management ................................................... 15 7 | GSB3007F/S/X/Z Operations Management .............................................................. 15 7 | GSB3008F/S/X/Z Strategy and Innovation Lab ........................................................ 15 7 | Assessment: | Courses are assessed by means of individual and group assessments. In order to pass a course, students | must obtain a DP as stated in the individual course outline as well as a minimum of 50% on individual | assessment components. | Readmission rules: | A student is permitted to reregister for a compulsory course that they have failed only once, and for a | maximum of 3 courses. | Distinction rules: | The degree will be awarded with distinction if the student obtains a weighted average mark of at least | 75% in their coursework. | Graduation rules: | Students must obtain 120 credits by passing all seven courses required for the Advanced Diploma in | Management Development."
2025,COM,CU017ACC01,,CU017,ACC01,Advanced Diploma,AdvDip,Accounting,regular,23,"Convener: A Dhansay and R Carpenter | Entrance requirements: | A graduate of this university who has completed ACC2012W, ACC2018H, ACC2022H, ACC2023H, | CML1001F/CML1004S, and FTX2024F/S. Applicants must have completed ACC2012W, | ACC2018H, ACC2022H, and ACC2023H (or their entrance exam equivalents) with a 55% weighted | average over a period not exceeding two years prior to registering for the advanced diploma. | Graduates who have not completed INF2004F will be required to complete INF2004F concurrently | with the seven prescribed courses of the programme. | Graduates of other universities who have completed the equivalent of the above courses will be | required to write entrance exams in ACC2012W, ACC2018H, ACC2022H, and ACC2023H in order | to satisfy the 55% weighted average requirement. | Programme outline: | This programme aims to replicate the final year of the Bachelor of Commerce specialising in | Financial Accounting: Chartered Accounting for graduates of other programmes who meet the | requirements for the prescribed courses. Successful completion of this programme may allow | admission into the Postgraduate Diploma in Accounting as part of the pathway to attaining the | CA(SA) designation as regulated by the South African Institute of Chartered Accountants. | Duration: | One year, full time. | Prescribed curriculum | Students are required to register for all required courses in the year of first registration. | Assessment: | Refer to individual course outlines in this handbook for details around assessments and DP | requirements. | Students are required to achieve at least 50% in each course in order to attain the qualification. | DP Requirements | Refer to individual course outlines in this Handbook for details around assessments and DP | requirements. | Readmission rules: | No students will be readmitted to the programme if they have failed any course in the programme | twice. | Distinction rules: | To qualify for a distinction, a candidate must achieve an overall average for Financial Reporting, | Managerial Accounting, Governance and Taxation of at least 75% and not less than 60% for any one | individual course. In applying the distinction rules, only passes at the first attempt are taken into | account. | Bachelor of Business Science in ACTUARIAL SCIENCE"
2025,COM,CB003BUS01,,CB003,BUS01,Bachelor of Business Science,BBusSc,Actuarial Science,regular,39,"(i) Students failing in their first year to achieve the requirements for entry to BUS2016H can expect | to take an additional year over their degree and should explore alternatives. | (ii) CB019 readmission rules apply to CB026, however if a student fails 2 courses in the first semester | of the first year, they will be transferred into the extended programme (CB018BUS01). | Bachelor of Business Science in Actuarial Science specialising in Quantitative | Finance"
2025,COM,CB003BUS09,,CB003,BUS09,Bachelor of Business Science,BBusSc,Actuarial Science: Quantitative Finance,regular,40,"* STA1006S is compulsory for students following the Mathematical Statistics option in the second | and subsequent years. | If students move from MAM1031F/MAM1032S to MAM1005H they will have to deregister from | STA1006S and register for it concurrently with MAM1006H. | **The STA4010W course starts two weeks before the undergraduate academic year. | Unless otherwise agreed by the Head of the Department of Statistical Sciences, candidates will be | required to obtain at least a 65% average for their 3rd year Statistics courses at the first attempt in | order to be accepted to STA4010W. | *** MAM2010F and MAM2011F are compulsory courses. Students must choose 2 courses from | MAM2012S, MAM2013S or MAM2014S. | Bachelor of Business Science specialising in Statistics and Data Sciences"
2025,COM,CB004STA13,,CB004,STA13,Bachelor of Business Science,BBusSc,Statistics and Data Sciences,regular,41,"* STA1006S is compulsory for students following the Mathematical Statistics option in the second | and subsequent years. | If students move from MAM1031F/MAM1032S to MAM1005H they will have to deregister from | STA1006S and register for it concurrently with MAM1006H. | **The STA4010W course starts two weeks before the undergraduate academic year. | Candidates will be required to obtain at least a 65% average for their 3rd year Statistics courses at the | first attempt in order to be accepted to STA4010W. | *** MAM2010F and MAM2011F are compulsory courses. Students must choose 2 courses from | MAM2012S, MAM2013S or MAM2014S | Bachelor of Business Science specialising in Finance, Investment and Banking"
2025,COM,CB004FTX05,,CB004,FTX05,Bachelor of Business Science,BBusSc,"Finance, Investment and Banking",regular,43,Candidates will be required to obtain at least a 60% average for their 3rd year finance courses in | order to be accepted into FTX4000 level courses. | Bachelor of Business Science specialising in FINANCE with ACCOUNTING
2025,COM,CB004FTX04,,CB004,FTX04,Bachelor of Business Science,BBusSc,Finance with Accounting,regular,44,"(i) This curriculum is designed to facilitate entry into the Accounting profession. After graduating, | candidates may apply for admission to the Postgraduate Diploma in Accounting. Passing the diploma | is a prerequisite for entry to the SAICA Initial Test of Competence. | (ii) Students may replace Financial Reporting III (ACC3009W) with Financial Reporting & Analysis | (ACC3020W), but this option will not meet the requirements for admission to the Postgraduate | Diploma in Accounting. | (iii) Candidates will be required to obtain at least a 60% average for their 3rd year finance courses in | order to be accepted into FTX4000. | Bachelor of Business Science specialising in COMPUTER SCIENCE"
2025,COM,CB004CSC05,,CB004,CSC05,Bachelor of Business Science,BBusSc,Computer Science,regular,45,"** One of these options may be replaced by an elective from another department (with approval of | the Computer Science Honours convenor). Not all electives will be offered each year. | Unless otherwise agreed by the Head of the School, candidates will be expected to obtain an overall | average of 65% for their third year Computer Science major courses and at least 55% for each course | to be considered for a place in 4th year Computer Science courses. Places may be limited. Students | who do not qualify for admission to 4th year Computer Science courses will be required to change | their specialisation or degree in consultation with the Head of Department and the Deputy Dean | Undergraduate Studies of Commerce. | Bachelor of Business Science specialising in INFORMATION SYSTEMS"
2025,COM,CB004INF01,,CB004,INF01,Bachelor of Business Science,BBusSc,Information Systems,regular,47,"Students who complete CSC1015F can complete CSC1016S in first year in substitution for INF1003F | in second year. | Unless otherwise agreed by the Head of Department, candidates will be expected to obtain an overall | credit weighted average of 65% for their third year Information Systems major courses and at least | 55% for each course. to be considered for a place in the 4th year Information System courses. Places | may be limited. Students who do not qualify for 4th year Information Systems courses will be required | to change their specialisation or degree in consultation with the Head of Department. | Students shall not repeat the following courses: INF4024W and INF4027W. | Bachelor of Business Science specialising in ECONOMICS"
2025,COM,CB004ECO01,,CB004,ECO01,Bachelor of Business Science,BBusSc,Economics,regular,48,"addition to BUS4050H***. ............................................................. | *Students wishing to register for MAM2000W after completing MAM1010F/S and MAM1012F/S | must obtain permission from the convener of MAM2000W. See the MAM2000W handbook entry | for further details. | **Students who take STA3022 cannot take STA3000 level courses and must, therefore, take | FTX2024. | *** Students have an option to choose three electives. | As a rule, a 65% average for 3rd year Economics courses and at least 60% for ECO3020F, ECO3021S | and another 3rd year level economics establishes the right to be considered for a place in the | Economics 4th year class. Students who obtain less than 50% for ECO4112F will not be allowed to | continue with the programme. Students who do not qualify for admission to the 4th year Economics | courses or who have obtained less than 50% in ECO4112F will be required to change their | specialisation or degree in consultation with the Head of Department. Subject to the approval of the | Graduate Convener, students may substitute a maximum of one of the options with an NQF level 8 | course of a similar credit value offered in another department. Students’ may carry one semester | course to the honours year (only F or S. Students will not be allowed to carry any H or W courses). | Bachelor of Business Science specialising in ECONOMICS with LAW*"
2025,COM,CB004ECO03,,CB004,ECO03,Bachelor of Business Science,BBusSc,Economics with Law,regular,50,"See ""Entrance to the Legal Profession"" elsewhere in this Handbook. | **Places on the Law Courses in the 2nd and 3rd year are limited. To be eligible for consideration for | a possible (but not guaranteed) place, students wishing to apply to take Law courses in 2nd and 3rd | year need to fulfil all the requirements set out in Promotion Rule for Law degrees. | *Places on the Law Courses in the 2nd and 3rd year are limited. To be eligible for consideration for a | possible (but not guaranteed) place, students wishing to apply to take Law courses in 2nd and 3rd year | need to fulfil all the requirements set out in Promotion Rule. | **Students have an option to choose three electives. | (i) As a rule, a 65% average for 3rd year Economics courses and at least 60% for ECO3020F, | ECO3021S and another 3rd year level economics establishes the right to be considered for a place in | the Economics 4th year class. Students who obtain less than 40% for ECO4112F will not be allowed | to continue with the programme. Students who do not qualify for admission to the 4th year Economics | courses or who have obtained less than 40% in ECO4112F will be required to change their | specialisation or degree in consultation with the Head of Department. | (ii) CB004 readmission rules apply to CB024, however if you fail 2 courses in the first semester of | the first year, your registration will be changed to the extended version (CB015ECO03).Subject to the | approval of the Graduate Convener, students may substitute a maximum of one of the options with an | NQF level 8 course of a similar credit value offered in another department. Students may carry one | semester course to the honours year (only F or S. Students will not be allowed to carry any H or W | courses). | (iii) The pre-requisites for registering for the PVL courses are receipt of confirmation of place on | those courses and fulfilment of all the requirements set out in Promotion Rule. | Bachelor of Business Science specialising in MARKETING"
2025,COM,CB004BUS07,,CB004,BUS07,Bachelor of Business Science,BBusSc,Marketing,regular,52,"As a rule, at least a 65% average across all 3rd year Marketing courses establishes a right to be | considered for a place in Marketing 4th year. Students who do not qualify for admission to the 4th year | will be required to change their specialisation or degree in consultation with the Head of the School | of Management Studies. | Bachelor of Business Science specialising in ORGANISATIONAL PSYCHOLOGY"
2025,COM,CB004BUS08,,CB004,BUS08,Bachelor of Business Science,BBusSc,Organisational Psychology,regular,53,"As a rule, at least a 65% average in 3rd year Organisational Psychology is required for admission to | the Organisational Psychology 4th year. In exceptional circumstances, students may apply to the Head | of Section for a concession to this rule. Students who are not admitted to the Organisational | Psychology 4th year will be required to change their specialisation or degree in consultation with the | Head of the School of Management Studies. | Bachelor of Business Science in ACTUARIAL SCIENCE"
2025,COM,CB025BUS01,,CB025,BUS01,Bachelor of Business Science,BBusSc,Actuarial Science,augmented,54,"(i) Students failing in their first year to achieve the requirements for entry to BUS2016H can expect | to take an additional year over their degree and should explore alternatives. | (ii) CB019 readmission rules apply to CB026, however if a student fails 2 courses in the first semester | of the first year, they will be transferred into the extended programme (CB018BUS01). | Bachelor of Business Science in Actuarial Science specialising in QUANTITATIVE | FINANCE"
2025,COM,CB025BUS09,,CB025,BUS09,Bachelor of Business Science,BBusSc,Actuarial Science: Quantitative Finance,augmented,55,"* STA1106H is compulsory for students following the Mathematical Statistics option in the second | and subsequent years. | If students move from MAM1031F/MAM1032S to MAM1005H they will have to deregister from | STA1006S and register for it concurrently with MAM1006H. | **The STA4010W course starts two weeks before the undergraduate academic year. | Unless otherwise agreed by the Head of the Department of Statistical Sciences, candidates will be | required to obtain at least a 65% average for their 3rd year Statistics courses at the first attempt to be | accepted to STA4010W. | *** MAM2010F and MAM2011F are compulsory courses. Students must choose 2 courses from | MAM2012S, MAM2013S or MAM2014S | Bachelor of Business Science specialising in Statistics and Data Sciences"
2025,COM,CB024STA13,,CB024,STA13,Bachelor of Business Science,BBusSc,Statistics and Data Sciences,augmented,56,"* STA1106H is compulsory for students following the Mathematical Statistics option in the second | subsequent years. | ** The STA4010W course starts two weeks before the undergraduate academic year. | i. Unless otherwise agreed by the Head of the Department of Statistical Sciences, candidates | will be required to obtain at least 65% average for their third year Statistics courses at the | first attempt in order to be accepted to STA4010W; | ii. CB004 readmission rules apply to CB024, however if a student fails 2 courses in the first | semester of the first year, their registration will be changed to the extended version. | *** MAM2010F and MAM2011F are compulsory courses. Students may choose 2 courses from | MAM2012S, MAM2013S or MAM2014S. | NB: Students who move from MAM1031F/MAM1032S to MAM1005H, will have to deregister from | STA1106H and register for it concurrently with MAM1006H. | Bachelor of Business Science specialising in FINANCE, INVESTMENT AND BANKING"
2025,COM,CB024FTX05,,CB024,FTX05,Bachelor of Business Science,BBusSc,"Finance, Investment and Banking",augmented,58,An approved ECO 3000 level course at 18 credits NQF level 7 . | Candidates will be required to obtain at least a 60% average for their 3rd year finance courses in | order to be accepted into FTX4000 level courses. | *ACC1006F (Financial Accounting) will be accepted as an equivalent credit for ACC1020H for this | programme. | Bachelor of Business Science specialising in FINANCE with ACCOUNTING
2025,COM,CB024FTX04,,CB024,FTX04,Bachelor of Business Science,BBusSc,Finance with Accounting,augmented,59,"(i) This curriculum is designed to facilitate entry into the Accounting profession. After graduating, | candidates may apply for admission to the Postgraduate Diploma in Accounting. Passing the | diploma is a prerequisite for entry to the SAICA Initial Test of Competence. | (ii) Students may replace Financial Reporting III (ACC3009W) with Financial Reporting and | Analysis (ACC3020W), but this option will not meet the requirements for admission to the | Postgraduate Diploma in Accounting. | (iii) Candidates will be required to obtain at least a 60% average for their 3rd year finance courses in | order to be accepted into FTX4000 level courses. | Bachelor of Business Science specialising in COMPUTER SCIENCE"
2025,COM,CB024CSC05,,CB024,CSC05,Bachelor of Business Science,BBusSc,Computer Science,augmented,61,"Macroeconomics II .......................................................................... | ** One of these options may be replaced by an elective from another department (with approval of | the Computer Science Honours convenor). Not all electives will be offered each year. | Unless otherwise agreed by the Head of the School, candidates will be expected to obtain an overall | average of 65% for their third year Computer Science major courses and at least 55% for each | course to be considered for a place in 4th year Computer Science courses. Places may be limited. | Students who do not qualify for admission to 4th year Computer Science courses will be required | to change their specialisation or degree in consultation with the Head of Department and the Deputy | Dean Undergraduate Studies of Commerce. | Bachelor of Business Science specialising in INFORMATION SYSTEMS"
2025,COM,CB024INF01,,CB024,INF01,Bachelor of Business Science,BBusSc,Information Systems,augmented,62,"Students who complete CSC1015F can complete CSC1016S in first year in substitution for INF1003F | in second year. | Unless otherwise agreed by the Head of Department, candidates will be expected to obtain an overall | credit weighted average of 65% for their third year Information Systems major courses and at least | 55% for each course to be considered for a place in the 4th year Information Systems courses. Places | may be limited. Students who do not qualify for 4th year Information Systems courses will be required | to change their specialisation or degree in consultation with the Head of Department. | Bachelor of Business Science specialising in ECONOMICS"
2025,COM,CB024ECO01,,CB024,ECO01,Bachelor of Business Science,BBusSc,Economics,augmented,63,"in addition to BUS4050H*** .......................................................... | * Students wishing to register for MAM2010F, MAM2011F, MAM2012S, MAM2013S, MAM2014S | after completing MAM1010F/S and MAM1012F/S must obtain permission from the Convenor in the | Mathematics Department. | ** Students who take STA3022 cannot take STA3000 level courses and must, therefore, take | FTX2024. | *** Students have an option to choose three electives. | As a rule, a 65% average for 3rd year Economics courses and at least 60% for ECO3020F, ECO3021S | and another 3rd year level economics establishes the right to be considered for a place in the | Economics 4th year class. Students who obtain less than 50% for ECO4112F will not be allowed to | continue with the programme. Students who do not qualify for admission to the 4th year Economics | courses or who have obtained less than 50% in ECO4112F will be required to change their | specialisation or degree in consultation with the Head of Department. Subject to the approval of the | Graduate Convener, students may substitute a maximum of one of the options with an NQF level 8 | course of a similar credit value offered in another department. Students’ may carry one semester | course to the honours year (only F or S. Students will not be allowed to carry any H or W courses). | Bachelor of Business Science specialising in ECONOMICS with LAW"
2025,COM,CB024ECO03,,CB024,ECO03,Bachelor of Business Science,BBusSc,Economics with Law,augmented,65,"*Places on the Law Courses in the 2nd and 3rd year are limited. To be eligible for consideration for a | possible (but not guaranteed) place, students wishing to apply to take Law courses in 2nd and 3rd year | need to fulfil all the requirements set out in Promotion Rule for Law degrees. | ** Students have an option to choose three electives. | (i) As a rule, a 65% average for 3rd year Economics courses and at least 60% for ECO3020F, | ECO3021S and another 3rd year level economics establishes the right to be considered for a place in | the Economics 4th year class. Students who obtain less than 40% for ECO4112F will not be allowed | to continue with the programme. Students who do not qualify for admission to the 4th year Economics | courses or who have obtained less than 40% in ECO4112F will be required to change their | specialisation or degree in consultation with the Head of Department. | (ii) CB004 readmission rules apply to CB024, however if you fail 2 courses in the first semester of | the first year, your registration will be changed to the extended version (CB015ECO03).Subject to the | approval of the Graduate Convener, students may substitute a maximum of one of the options with an | NQF level 8 course of a similar credit value offered in another department. Students may carry one | semester course to the honours year (only F or S. Students will not be allowed to carry any H or W | courses). | (iii) The pre-requisites for registering for the PVL courses are receipt of confirmation of place on those | courses and fulfilment of all the requirements set out in Promotion Rule. | Bachelor of Business Science specialising in MARKETING"
2025,COM,CB024BUS07,,CB024,BUS07,Bachelor of Business Science,BBusSc,Marketing,augmented,67,"As a rule, at least a 65% average across all 3rd year Marketing courses establishes a right to be | considered for a place in Marketing 4th year. Students who do not qualify for admission to the 4th year | will be required to change their specialisation or degree in consultation with the Head of the School | of Management Studies. | Bachelor of Business Science specialising in ORGANISATIONAL PSYCHOLOGY"
2025,COM,CB024BUS08,,CB024,BUS08,Bachelor of Business Science,BBusSc,Organisational Psychology,augmented,68,"As a rule, at least a 65% average in 3rd year Organisational Psychology is required for admission to | the Organisational Psychology 4th year. In exceptional circumstances, students may apply to the Head | of Section for a concession to this rule. Students who are not admitted to the Organisational | Psychology 4th year will be required to change their specialisation or degree in consultation with the | Head of the School of Management Studies. | Bachelor of Business Science in ACTUARIAL SCIENCE"
2025,COM,CB018BUS01,,CB018,BUS01,Bachelor of Business Science,BBusSc,Actuarial Science,extended,69,Bachelor of Business Science in ACTUARIAL SCIENCE specialising in QUANTITATIVE | FINANCE
2025,COM,CB018BUS09,,CB018,BUS09,Bachelor of Business Science,BBusSc,Actuarial Science: Quantitative Finance,extended,70,* STA1106H is compulsory for students following the Mathematical Statistics option in the second | and subsequent years. | If students move from MAM1031F/MAM1032S to MAM1005H they will have to deregister from | STA1006S and register for it concurrently with MAM1006H. | **The STA4010W course starts two weeks before the undergraduate academic year. | Bachelor of Business Science specialising in Statistics and Data Sciences
2025,COM,CB015STA13,,CB015,STA13,Bachelor of Business Science,BBusSc,Statistics and Data Sciences,extended,72,"Mathematical Statistical Option:* ............................................... | Applied Statistics Option:* ........................................................... | *STA1106H is compulsory for students following the Mathematical Statistics option in the second | and subsequent years. | **MAM2010F and MAM2011F are compulsory courses. Students may choose 2 courses from | MAM2012S, MAM2013S or MAM2014S. | ***The STA4010W course starts two weeks before the undergraduate academic year. Unless | otherwise agreed by the Head of the Department of Statistical Sciences, candidates will be required | to obtain at least a 65% average for their 3rd year Statistics courses at the first attempt to be accepted | into STA4010W. | NB: Students who move from MAM1031F/MAM1032S to MAM1005H, will have to deregister from | STA1106H and register for it concurrently with MAM1006H. | CSC1011H (4th period in first semester and 5th period in second semester). | Bachelor of Business Science specialising in FINANCE, INVESTMENT AND BANKING"
2025,COM,CB015FTX05,,CB015,FTX05,Bachelor of Business Science,BBusSc,"Finance, Investment and Banking",extended,73,Candidates will be required to obtain at least a 60% average for their 3rd year finance courses in | order to be accepted into FTX4000 level courses. | Bachelor of Business Science specialising in FINANCE with ACCOUNTING
2025,COM,CB015FTX04,,CB015,FTX04,Bachelor of Business Science,BBusSc,Finance with Accounting,extended,74,"(i) This curriculum is designed to facilitate entry into the Accounting profession. After graduating, | candidates may apply for admission to the Postgraduate Diploma in Accounting. Passing the diploma | is a prerequisite for entry to the SAICA Initial Test of Competence. | (ii) Students may replace Financial Reporting III (ACC3009W) with Financial Reporting & Analysis | (ACC3020W), but this option will not meet the requirements for admission to the Postgraduate | Diploma in Accounting. | (iii) Candidates will be required to obtain at least a 60% average for their 3rd year finance courses in | order to be accepted into FTX4000 level courses. | Bachelor of Business Science specialising in COMPUTER SCIENCE"
2025,COM,CB015CSC05,,CB015,CSC05,Bachelor of Business Science,BBusSc,Computer Science,extended,76,** One of these options may be replaced by an elective from another department (with approval of | the Computer Science Honours convenor). Not all electives will be offered each year. | Places may be limited. Students who do not qualify for admission to 4th year Computer Science | courses will be required to change their specialisation or degree in consultation with the Head of | Department and the Deputy Dean Undergraduate Studies of Commerce. | Bachelor of Business Science specialising in INFORMATION SYSTEMS
2025,COM,CB015INF01,,CB015,INF01,Bachelor of Business Science,BBusSc,Information Systems,extended,77,"ML1004S Business Law I……………………………………………………18 5 | * Students who complete CSC1015F can complete CSC1016S in first year in substitution for | INF1003F in second year. | Unless otherwise agreed by the Head of Department, candidates will be expected to obtain an overall | credit weighted average of 65% for their third year Information Systems major courses and at least | 55% for each course. to be considered for a place in the 4th year Information System courses. Places | may be limited. Students who do not qualify for 4th year Information Systems courses will be required | to change their specialisation or degree in consultation with the Head of Department. | Bachelor of Business Science specialising in ECONOMICS"
2025,COM,CB015ECO01,,CB015,ECO01,Bachelor of Business Science,BBusSc,Economics,extended,79,"addition to BUS4050H***. ............................................................. | * Students wishing to register for MAM2010F, MAM2011F, MAM2012S, MAM2013S, MAM2014S | after completing MAM1010F/S and MAM1012F/S must obtain permission from the Convenor in the | Mathematics Department. | ** Students who take STA3022 cannot take STA3000 level courses and must, therefore, take | FTX2024 | *** Students have an option to choose three electives. | As a rule, a 65% average for 3rd year Economics courses and at least 60% for ECO3020F, ECO3021S | and another 3rd year level economics establishes the right to be considered for a place in the | Economics 4th year class. Students who obtain less than 50% for ECO4112F will not be allowed to | continue with the programme. Students who do not qualify for admission to the 4th year Economics | courses or who have obtained less than 50% in ECO4112F will be required to change their | specialisation or degree in consultation with the Head of Department. Subject to the approval of the | Graduate Convener, students may substitute a maximum of one of the options with an NQF level 8 | course of a similar credit value offered in another department. Students’ may carry one semester | course to the honours year (only F or S. Students will not be allowed to carry any H or W courses). | Bachelor of Business Science specialising in ECONOMICS with LAW*"
2025,COM,CB015ECO03,,CB015,ECO03,Bachelor of Business Science,BBusSc,Economics with Law,extended,80,"*See section ""Entrance to the Legal Profession"" elsewhere in this handbook. | addition to BUS4050H**. ............................................................... | *Places on the Law Courses in the 2nd and 3rd year are limited. To be eligible for consideration for a | possible (but not guaranteed) place, students wishing to apply to take Law courses in 2nd and 3rd year | need to fulfil all the requirements set out in Promotion Rule for Law degrees. | **Students have an option to choose three electives. | (i) As a rule, a 65% average for 3rd year Economics courses and at least 60% for ECO3020F, | ECO3021S and another 3rd year level economics establishes the right to be considered for a place in | the Economics 4th year class. Students who obtain less than 50% for ECO4112F will not be allowed | to continue with the programme. | Students who do not qualify for admission to the 4th year Economics courses or who have obtained | less than 50% in ECO4112F will be required to change their specialisation or degree in consultation | with the Head of Department. | (ii) CB004 readmission rules apply to CB024, however if you fail 2 courses in the first semester of | the first year, your registration will be changed to the extended version (CB015ECO03). Subject to | the approval of the Graduate Convener, students may substitute a maximum of one of the options with | an NQF level 8 course of a similar credit value offered in another department. Students may carry one | semester course to the honours year (only F or S. Students will not be allowed to carry any H or W | courses). | (iii) The pre-requisites for registering for the PVL courses are receipt of confirmation of place on those | courses and fulfilment of all the requirements set out in Promotion Rule. | Bachelor of Business Science specialising in MARKETING"
2025,COM,CB015BUS07,,CB015,BUS07,Bachelor of Business Science,BBusSc,Marketing,extended,82,"As a rule, at least a 65% average across all 3rd year Marketing courses establishes a right to be | considered for a place in Marketing 4th year. Students who do not qualify for admission to the 4th year | will be required to change their specialisation or degree in consultation with the Head of the School | of Management Studies. | Bachelor of Business Science specialising in ORGANISATIONAL PSYCHOLOGY"
2025,COM,CB015BUS08,,CB015,BUS08,Bachelor of Business Science,BBusSc,Organisational Psychology,extended,84,"As a rule, at least a 65% average in 3rd year Organisational Psychology is required for admission to | the Organisational Psychology 4th year. In exceptional circumstances, students may apply to the Head | of Section for a concession to this rule. Students who are not admitted to the Organisational | Psychology 4th year will be required to change their specialisation or degree in consultation with the | Head of the School of Management Studies. | Bachelor of Commerce in ACTUARIAL SCIENCE"
2025,COM,CB019BUS01,,CB019,BUS01,Bachelor of Commerce,BCom,Actuarial Science,regular,85,"*NB. MAM2010F and MAM2011F are compulsory courses. Students may choose 2 courses from | MAM2012S, MAM2013S or MAM2014S. | Bachelor of Commerce in ACTUARIAL SCIENCE specialising in QUANTITATIVE | FINANCE"
2025,COM,CB019BUS09,,CB019,BUS09,Bachelor of Commerce,BCom,Actuarial Science: Quantitative Finance,regular,86,"*NB. MAM2010F and MAM2011F are compulsory courses. Students may choose 2 courses from | MAM2012S, MAM2013S or MAM2014S. | Bachelor of Commerce specialising in FINANCIAL ACCOUNTING: GENERAL | ACCOUNTING"
2025,COM,CB001ACC08,,CB001,ACC08,Bachelor of Commerce,BCom,Financial Accounting: General Accounting,regular,87,*Students who registered prior to 2024 are required to complete CML1004S in year 2. | Bachelor of Commerce specialising in FINANCIAL ACCOUNTING: CHARTERED | ACCOUNTANT
2025,COM,CB001ACC04,,CB001,ACC04,Bachelor of Commerce,BCom,Financial Accounting: Chartered Accountant,regular,88,*Students who registered prior to 2024 are required to complete CML1004S in year 2. | Bachelor of Commerce specialising in FINANCIAL ACCOUNTING: ACCOUNTING with | LAW*
2025,COM,CB001ACC03,,CB001,ACC03,Bachelor of Commerce,BCom,Financial Accounting: Accounting with Law,regular,88,"NO NEW INTAKE FOR 2025 - this programme will not be offered in the future. | *See section ""Entrance to the Legal Profession"" elsewhere in this Handbook. | ** Places on the Law Courses in the 2nd and third year are limited. To be eligible for consideration | for a possible (but not guaranteed) place, students wishing to apply to take Law courses in 2nd | and 3rd year need to fulfil all the requirements set out in the promotion rules. | The pre-requisites for registering for the PVL courses are receipt of confirmation of place on those | courses and fulfilment of all the requirements set out in the promotion rules. | Bachelor of Commerce specialising in INFORMATION SYSTEMS"
2025,COM,CB001INF01,,CB001,INF01,Bachelor of Commerce,BCom,Information Systems,regular,89,Elective 2 Plus 1 approved course*** ............................................................ | Elective 3 Plus 1 approved course*** ............................................................ | *Students who wish to keep the option of a dual Information Systems and Computer Science major | open are requested to register for CB001INF06 and complete CSC1015F and CSC1016S in first year. | **Students who complete CSC1015F can complete CSC1016S in first year in substitution for | INF1003F in second year. | ***Approved courses are below. A 2nd year elective can be NQF level 5 or 6. A 3rd year elective can | only be NQF level 6. | Course NQF Level | BUS1007S: Introduction to Organisational Psychology 5 | MAM1012S: Mathematics 1012 5 | POL1004F: Introduction to Politics 5 | PHI1025S: Critical Thinking 5 | BUS2024F: Psychology of Human Resource Management 6 | BUS2023S: Organisational Behaviour 6 | CML2001F: Company Law 6 | CML2005F: Labour Law 6 | ECO2003F: Microeconomics II 6 | ECO2004S: Macroeconomics II 6 | ECO2007S: Co-operation and Competition 6 | FTX2000S: Personal Finance Management 6 | FTX2020F: Business Finance 6 | PHI2037S: Applied Ethics 6 | STA2020F/S: Applied Statistics 6 | 6 | Bachelor of Commerce specialising in INFORMATION SYSTEMS AND COMPUTER | SCIENCE
2025,COM,CB001INF06,,CB001,INF06,Bachelor of Commerce,BCom,Information Systems and Computer Science,regular,91,Students who fail STA1000S are recommended to register for STA1000P (subject to approval by the | Statistics Department). | Bachelor of Commerce specialising in INFORMATION SYSTEMS AND FINANCE
2025,COM,CB001INF11,,CB001,INF11,Bachelor of Commerce,BCom,Information Systems and Finance,regular,92,"*Students who complete CSC1015F can complete CSC1016S in first year in substitution for | INF1003F in second year. | **Students who complete CSC1015F can complete CSC1016S in first year in substitution for | INF1003F in second year. | ***Students who fail STA1000S are recommended to register for STA1000P (subject to approval by | the Statistics Department). | Bachelor of Commerce specialising in PHILOSOPHY, POLITICS & ECONOMICS"
2025,COM,CB001PHI03,,CB001,PHI03,Bachelor of Commerce,BCom,"Philosophy, Politics & Economics",regular,93,"OR 1 NQF Level 7 course from .................................................... | Any PHI NQF Level 6 course ......................................................... | Any POL NQF Level 6 course ........................................................ | Any POL NQF Level 7 course ........................................................ | Any PHI NQF Level 7 course ......................................................... | Any ECO NQF Level 7 course........................................................ | Or NQF level 6 or 7 courses ......................................................... | * Students who wish to study towards an honours degree in Economics must complete ECO3021S. | ** Students who wish to study towards an honours degree in Philosophy, Politics and Economics | must do at least two first year courses in the discipline which they do not take up to the third year | level. | Bachelor of Commerce specialising in ECONOMICS AND FINANCE"
2025,COM,CB001ECO02,,CB001,ECO02,Bachelor of Commerce,BCom,Economics and Finance,regular,94,"*Students wishing to register for MAM2000W after completing MAM1010F/S and MAM1012F/S | must obtain permission from the convener of MAM2000W. See the MAM2000W handbook entry for | further details. | **BUS2033 is usually offered to 3rd year students. If 2nd year, then only 2nd semester is permitted. | Bachelor of Commerce specialising in ECONOMICS AND STATISTICS"
2025,COM,CB001ECO04,,CB001,ECO04,Bachelor of Commerce,BCom,Economics and Statistics,regular,95,"* STA1006S is compulsory for students following the Mathematical Statistics option in the second | and subsequent year. | ** Required for students who wish to pursue an honours degree in statistics. | *** BUS2033 is usually offered to 3rd year students. If 2nd year, then only 2nd semester is permitted. | **** Strongly recommended for students who wish to pursue an honours degree in statistics. | OR Applied Statistics Option ....................................................... | Bachelor of Commerce specialising in ECONOMICS with LAW"
2025,COM,CB001ECO03,,CB001,ECO03,Bachelor of Commerce,BCom,Economics with Law,regular,96,"* Places on the Law Courses in the 2nd and 3rd year are limited. To be eligible for consideration for | a possible (but not guaranteed) place, students wishing to apply to take Law courses in 2nd and 3rd | year need to fulfil all the requirements set out in Promotion Rule FBA16.1. | Bachelor of Commerce specialising in MANAGEMENT STUDIES"
2025,COM,CB001BUS06,,CB001,BUS06,Bachelor of Commerce,BCom,Management Studies,regular,97,"Notes on core courses and electives: |  Depending on the individual student’s interest and abilities, students can follow one or | more specialised disciplines within the programme structure. The list of pre-approved | electives available to students appears below, however students wishing to take electives | that do not appear on the list below should request permission to take these courses from | the programme convener. |  All normal course prerequisite rules apply. |  All normal course equivalents apply as per the Commerce Faculty undergraduate handbook |  Students wishing to be eligible for Honours in a particular discipline need to ensure that | they register for the appropriate courses in that discipline. |  The guide below assists students in choosing electives if they are interested in eligibility to | apply for Honours in a particular discipline commonly taken by students on the degree | programme (note that students must achieve the required marks as per the entrance | requirements described in the postgraduate handbook): | Economics: | ECO2007S OR ECO2008S, plus ECO3020F, ECO3021S plus another ECO course at 3rd | year level | Finance and Tax: | MAM1012S, FTX2024F/S, STA2020F/S, FTX3044F, FTX3045S | Information Systems: | BUS2033S, INF1003F INF2008F, INF2009F, INF2010S and INF2011S plus | INF3003W, INF3014F and INF3012S OR INF3011F, INF3012S and INF3014F | Marketing: | MAM1012S, BUS2010F/S, STA2020F/S, BUS3041F, BUS3043S, BUS3008W, | STA3022F | Organisational Psychology: | PSY1004F, PSY1005S, BUS1007S, BUS2024F, BUS2023S, BUS3003F, BUS3004S | Statistical Sciences: | MAM1012S, STA2020F and STA2030S, STA3030F, STA3036S (STA3022F optional) | Additional information: |  BUS3039 is not available to students who wish to pursue an Honours degree in | Organisational Psychology. These students must take an alternative course at 3rd year | level. Students may not register for both BUS2023S and BUS3039 within the degree | programme. |  Places on the Law Courses in the 2nd and third year are limited. To be eligible for | consideration for a possible (but not guaranteed) place, students wishing to apply to take | Law courses in 2nd and 3rd year need to fulfil all the requirements as set out in Promotion | Rule FBA16. |  Students may not register for PHI1025F as an elective if they have already completed | BUS1036F/S | 1st year level electives: | BUS1004F Introduction to Strategy and Marketing | BUS1007S Introduction to Organisational Psychology | CSC1016S Computer Science 1016 | EGS1007S Human and Physical Systems | GEO1009F Introduction to Earth and Environmental Sciences | INF1003F Commercial Programming | MAM1012S Mathematics 1012 | PHI1024F Introduction to Philosophy | PHI1026F Critical Foundations | PHI1010S Ethics | POL1004F Introduction to Politics | POL1005S Introduction to Politics B | PSY1004F Introduction to Psychology (Part 1) (only with permission from the HOD) | PSY1005S Introduction to Psychology (Part 2) (only with permission from the HOD) | 2nd year level electives: | BUS2023S Organisational Behaviour (may not be taken with BUS3039) | BUS2024F Psychology of Human Resource Management | CML2001F Company Law | CSC2001F Computer Science 2001 | CSC2002S Computer Science 2002 | ECO2003F Microeconomics 2 | ECO2004S Macroeconomics 2 | ECO2007S Co-operation and Competition | ECO2008S Development Economics | EGS2013F The Physical Environment | EGS2014S Contemporary Urban Challenges | END1019L Social Infrastructures: Engaging with Community for Change | INF2004F Information Technology in Business | INF2009F Systems Analysis | INF2010S IT Architecture | INF2011S Systems Design & Development | PHI2012F Philosophy of Psychology and Mind | PHI2037F Applied Ethics | PHI2042F Political Philosophy | PHI2044F Philosophy of Mathematics | PHI2016S Philosophy of Art and Literature | PHI2040S Philosophy of Science | PHI2041S Great Philosophers | POL2038F Comparative Politics | POL2002S Political Theory | POL2036F Introductory Political Economy | POL2039F The Politics of International Economic Relations | PSY2013F Social and Developmental Psychology | PSY2014S Cognitive Neuroscience and Abnormal Psychology | PSY2015F Research Methods I | PSY2003S Social Psychology and Intergroup Relations | PSY2010S Cognition and Neuroscience | PVL1003W Foundations of South African Law | PVL1008H Law of Persons and Family (formerly PVL1008S) | PVL1004F South African Private Law: System and Context | STA2020F/S Business Statistics | STA2030S Theory of Statistics | 3rd year level electives: | BUS3041F Marketing IIA | BUS3003F Research Design in Organisational Psychology | BUS3008W Research in Marketing | BUS3038S Introduction to Project Management | BUS3043S Marketing IIB | BUS3004S Research Data Analysis in Organisational Psychology | CSC3002F Computer Science 3002 | CSC3003S Computer Science 3003 | ECO3024F International Trade and Finance | ECO3020F Advanced Macro & Microeconomics | ECO3009F Natural Resource Economics | ECO3016F History of Economic Thought | ECO3021S Quantitative Methods in Economics | ECO3022S Advanced Labour Economics | ECO3023S Public Sector Economics | ECO3025S Applied International Trade Bargaining | EGS3012S Atmospheric Science | EGS3023F Anthropocene Environments in Perspective | EGS3021F Sustainability and the Environment | EGS3022S Geographic Thought | FTX3044F Investment Management A | FTX3045S Investment Management B | INF3014F Electronic Commerce | INF3003W Systems Development Project I | INF3012S BPM & Enterprise Systems | PBL2000W Constitutional Law | PHI3023F Logic and Language | PHI3024S Metaphysics and Epistemology | POL3030F Conflict in World Politics | POL3013S SA Political Thought | POL3029S Third World Politics | POL3046S South African Political Thought | PSY3005F Critical Psychology | PSY3008F Health Psychology | PSY3011S Clinical Psychology II | PSY3007S Research Methods in Psychology II | PSY3010S Introduction to Clinical Neuropsychology | PVL2002H Law of Property | PVL2003H Law of Succession | STA3022F Research and Survey Statistics | STA3030F Inferential Statistics | STA3036S Operational Research Techniques | Bachelor of Commerce in ACTUARIAL SCIENCE"
2025,COM,CB026BUS01,,CB026,BUS01,Bachelor of Commerce,BCom,Actuarial Science,augmented,101,"*MAM2010F and MAM2011F are compulsory courses. Students may choose 2 courses from | MAM2012S, MAM2013S or MAM2014S. | Bachelor of Commerce in ACTUARIAL SCIENCE specialising in QUANTITATIVE | FINANCE"
2025,COM,CB026BUS09,,CB026,BUS09,Bachelor of Commerce,BCom,Actuarial Science: Quantitative Finance,augmented,102,"*MAM2010F and MAM2011F are compulsory courses. Students may choose 2 courses from | MAM2012S, MAM2013S or MAM2014S. | Bachelor of Commerce specialising in FINANCIAL ACCOUNTING: GENERAL | ACCOUNTING"
2025,COM,CB023ACC08,,CB023,ACC08,Bachelor of Commerce,BCom,Financial Accounting: General Accounting,augmented,103,*Students who registered prior to 2024 are required to complete CML1004S in year 2 | Bachelor of Commerce specialising in FINANCIAL ACCOUNTING: CHARTERED | ACCOUNTANT
2025,COM,CB023ACC04,,CB023,ACC04,Bachelor of Commerce,BCom,Financial Accounting: Chartered Accountant,augmented,103,"*Students who registered prior to 2024 are required to complete CML1004S in year 2. | Bachelor of Commerce specialising in PHILOSOPHY, POLITICS & ECONOMICS"
2025,COM,CB023PHI03,,CB023,PHI03,Bachelor of Commerce,BCom,"Philosophy, Politics & Economics",augmented,104,"OR 1 NQF Level 7 course from:................................................... | Any PHI NQF Level 6 course ......................................................... | Any POL NQF Level 6 course ........................................................ | Any POL NQF Level 7 course ........................................................ | Any PHI NQF Level 7 course ......................................................... | Any ECO NQF Level 7 course ........................................................ | OR NQF Level 6 or 7 course ........................................................ | * Students who wish to study towards an Honours degree in Economics must complete ECO3021S. | ** Students who wish to study towards an Honours degree in Philosophy, Politics and Economics | must do at least two first year courses in the discipline which they do not take up to the third year | level. | (i) CB001 readmission rules apply to CB023, however if a student fails 2 courses in the first | semester of the first year, their registration will be changed to the extended version. | Bachelor of Commerce specialising in ECONOMICS AND FINANCE"
2025,COM,CB023ECO02,,CB023,ECO02,Bachelor of Commerce,BCom,Economics and Finance,augmented,106,"* Students wishing to register for MAM2000W after completing MAM1010F/S and MAM1012F/S | must obtain permission from the convener of MAM2000W. See the MAM2000W handbook entry | for further details. | ** BUS2033 is usually offered to 3rd year students. If 2nd year, then only 2nd semester is permitted. | Bachelor of Commerce specialising in ECONOMICS AND STATISTICS"
2025,COM,CB023ECO04,,CB023,ECO04,Bachelor of Commerce,BCom,Economics and Statistics,augmented,107,"* STA1106H is compulsory for students following the Mathematical Statistics option in the second | and subsequent year. | Mathematical Statistics Option .................................................... | OR Applied Statistics .................................................................... | ** BUS2033 is usually offered to 3rd year students. If 2nd year, then only 2nd semester is permitted. | *** Required for students who wish to pursue an honours degree in statistics. | **** Strongly recommended for students who wish to pursue an honours degree in statistics. | Plus 1 NQF level 7 | Bachelor of Commerce specialising in ECONOMICS with LAW"
2025,COM,CB023ECO03,,CB023,ECO03,Bachelor of Commerce,BCom,Economics with Law,augmented,108,"* Places on the Law Courses in the 2nd and third year are limited. To be eligible for consideration for | a possible (but not guaranteed) place, students wishing to apply to take Law courses in 2nd and 3rd | year need to fulfil all the requirements set out in Promotion Rule FBA16.1 | Bachelor of Commerce specialising in INFORMATION SYSTEMS"
2025,COM,CB023INF01,,CB023,INF01,Bachelor of Commerce,BCom,Information Systems,augmented,109,* Students who wish to keep the option of a dual Information Systems and Computer Science major | open are requested to register for CB001INF06 and complete CSC1015F and CSC1016S in first year | ** Students who complete CSC1015F can complete CSC1016S in the first year in substitution for | INF1003F in second year. | ***Approved courses are below. A 2nd year elective can be NQF level 5 or 6. A 3rd year elective | can only be NQF level 6. | Course NQF Level | BUS1007S: Introduction to Organisational Psychology 5 | MAM1012S: Mathematics 1012 5 | POL1004F: Introduction to Politics 5 | PHI1025S: Critical Thinking 5 | BUS2024F: Psychology of Human Resource Management 6 | BUS2023S: Organisational Behaviour 6 | CML2001F: Company Law 6 | CML2005F: Labour Law 6 | ECO2003F: Microeconomics II 6 | ECO2004S: Macroeconomics II 6 | ECO2007S: Co-operation and Competition 6 | FTX2000S: Personal Finance Management 6 | FTX2020F: Business Finance 6 | PHI2037S: Applied Ethics 6 | STA2020F/S: Applied Statistics 6 | 6 | Bachelor of Commerce specialising in INFORMATION SYSTEMS AND COMPUTER | SCIENCE
2025,COM,CB023INF06,,CB023,INF06,Bachelor of Commerce,BCom,Information Systems and Computer Science,augmented,110,Bachelor of Commerce specialising in INFORMATION SYSTEMS AND FINANCE
2025,COM,CB023INF11,,CB023,INF11,Bachelor of Commerce,BCom,Information Systems and Finance,augmented,111,*Students who complete CSC1015F can complete CSC1016S in first year in substitution for | INF1003F in second year. | **Students who complete CSC1015F can complete CSC1016S in first year in substitution for | INF1003F in second year. | ***Students who fail STA1000S are recommended to register for STA1000P (subject to approval by | the Statistics Department). | Bachelor of Commerce specialising in MANAGEMENT STUDIES
2025,COM,CB023BUS06,,CB023,BUS06,Bachelor of Commerce,BCom,Management Studies,augmented,112,"Notes on core courses and electives: |  Depending on the individual student’s interest and abilities, students can follow one or | more specialised disciplines within the programme structure. The list of pre-approved | electives available to students appears below, however students wishing to take electives | that do not appear on the list below should request permission to take these courses from | the programme convener. |  All normal course prerequisite rules apply. |  All normal course equivalents apply as per the Commerce Faculty undergraduate | handbook. |  Students wishing to be eligible for Honours in a particular discipline need to ensure that | they register for the appropriate courses in that discipline. |  The guide below assists students in choosing electives if they are interested in eligibility | to apply for Honours in a particular discipline commonly taken by students on the degree | programme (note that students must achieve the required marks as per the entrance | requirements described in the postgraduate handbook): | Economics: | ECO2007S OR ECO2008S, plus ECO3020F, ECO3021S plus another ECO course at 3rd year level | Finance and Tax: | MAM1012S, FTX2024F/S, STA2020F/S, FTX3044F, FTX3045S | Information Systems: | BUS2033S, INF1003F INF2008F, INF2009F, INF2010S and INF2011S plus INF3003W, INF3014F | and INF3012S OR INF3011F, INF3012S and INF3014F | Marketing: | MAM1012S, BUS2010F/S, STA2020F/S, BUS3041F, BUS3043S, BUS3008W, STA3022F | Organisational Psychology: | PSY1004F, PSY1005S, BUS1007S, BUS2024F, BUS2023S, BUS3003F, BUS3004S | Statistical Sciences: | MAM1012S, STA2020F and STA2030S, STA3030F, STA3036S (STA3022F optional) | Additional information: |  BUS3039 is not available to students who wish to pursue an Honours degree in | Organisational Psychology. These students must take an alternative course at 3rd year | level. Students may not register for both BUS2023S and BUS3039 within the degree | programme. |  Places on the Law Courses in the 2nd and third year are limited. To be eligible for | consideration for a possible (but not guaranteed) place, students wishing to apply to take | Law courses in 2nd and 3rd year need to fulfil all the requirements as set out in Promotion | Rule FBA16. |  Students may not register for PHI1025F as an elective if they have already completed | BUS1036F/S | 1st year level electives: | BUS1004F Introduction to Strategy and Marketing | BUS1007S Introduction to Organisational Psychology | CSC1016S Computer Science 1016 | EGS1007S Human and Physical Systems | GEO1009FIntroduction to Earth and Environmental Sciences | INF1003F Commercial Programming | MAM1012S Mathematics 1012 | PHI1024F Introduction to Philosophy | PHI1026F Critical Foundations | PHI1010S Ethics | POL1004F Introduction to Politics | POL1005S Introduction to Politics B | PSY1004F Introduction to Psychology (Part 1) (only with permission from the HOD) | PSY1005S Introduction to Psychology (Part 2) (only with permission from the HOD) | 2nd year level electives: | BUS2023S Organisational Behaviour (may not be taken with BUS3039) | BUS2024F Psychology of Human Resource Management | CML2001FCompany Law | CSC2001F Computer Science 2001 | CSC2002S Computer Science 2002 | ECO2003F Microeconomics 2 | ECO2004S Macroeconomics 2 | ECO2007S Co-operation and Competition | ECO2008S Development Economics | EGS2013F The Physical Environment | EGS2014S Contemporary Urban Challenges | END1019LSocial Infrastructures: Engaging with Community for Change | INF2004F Information Technology in Business | INF2009F Systems Analysis | INF2010S IT Architecture | INF2011S Systems Design & Development | PHI2012F Philosophy of Psychology and Mind | PHI2037F Applied Ethics | PHI2042F Political Philosophy | PHI2044F Philosophy of Mathematics | PHI2016S Philosophy of Art and Literature | PHI2040S Philosophy of Science | PHI2041S Great Philosophers | POL2038F Comparative Politics | POL2002S Political Theory | POL2036F Introductory Political Economy | POL2039F The Politics of International Economic Relations | PSY2013F Social and Developmental Psychology | PSY2014S Cognitive Neuroscience and Abnormal Psychology | PSY2015F Research Methods I | PSY2003S Social Psychology and Intergroup Relations | PSY2010S Cognition and Neuroscience | PVL1003WFoundations of South African Law | PVL1008H Law of Persons and Family (formerly PVL1008S) | PVL1004F South African Private Law: System and Context | STA2020F/S Business Statistics | STA2030S Theory of Statistics | 3rd year level electives: | BUS3041F Marketing IIA | BUS3003F Research Design in Organisational Psychology | BUS3008W Research in Marketing | BUS3038S Introduction to Project Management | BUS3043S Marketing IIB | BUS3004S Research Data Analysis in Organisational Psychology | CSC3002F Computer Science 3002 | CSC3003S Computer Science 3003 | ECO3024F International Trade and Finance | ECO3020F Advanced Macro & Microeconomics | ECO3009F Natural Resource Economics | ECO3016F History of Economic Thought | ECO3021S Quantitative Methods in Economics | ECO3022S Advanced Labour Economics | ECO3023S Public Sector Economics | ECO3025S Applied International Trade Bargaining | EGS3012S Atmospheric Science | EGS3023F Anthropocene Environments in Perspective | EGS3021F Sustainability and the Environment | EGS3022S Geographic Thought | FTX3044F Investment Management A | FTX3045S Investment Management B | INF3014F Electronic Commerce | INF3003W Systems Development Project I | INF3012S BPM & Enterprise Systems | PBL2000WConstitutional Law | PHI3023F Logic and Language | PHI3024S Metaphysics and Epistemology | POL3030F Conflict in World Politics | POL3013S SA Political Thought | POL3029S Third World Politics | POL3046S South African Political Thought | PSY3005F Critical Psychology | PSY3008F Health Psychology | PSY3011S Clinical Psychology II | PSY3007S Research Methods in Psychology II | PSY3010S Introduction to Clinical Neuropsychology | PVL2002HLaw of Property | PVL2003HLaw of Succession | STA3022F Research and Survey Statistics | STA3030F Inferential Statistics | STA3036S Operational Research Techniques | Bachelor of Commerce in ACTUARIAL SCIENCE"
2025,COM,CB020BUS01,,CB020,BUS01,Bachelor of Commerce,BCom,Actuarial Science,extended,115,"*MAM2010F and MAM2011F are compulsory courses. Students may chose 2 courses from | MAM2012S, MAM2013S or MAM2014S. | Bachelor of Commerce 4 Year AD in ACTUARIAL SCIENCE specialising in | QUANTITATIVE FINANCE"
2025,COM,CB020BUS09,,CB020,BUS09,Bachelor of Commerce,BCom,Actuarial Science: Quantitative Finance,extended,116,"The programme is most beneficial to students who are working in a tax environment while | undertaking this programme. | *MAM2010F and MAM2011F are compulsory courses. Students may choose 2 courses from | MAM2012S, MAM2013S or MAM2014S. | Bachelor of Commerce specialising in FINANCIAL ACCOUNTING: GENERAL | ACCOUNTING"
2025,COM,CB011ACC08,,CB011,ACC08,Bachelor of Commerce,BCom,Financial Accounting: General Accounting,extended,118,*Students who registered prior to 2024 are required to complete CML1004S in year 2 | Bachelor of Commerce specialising in FINANCIAL ACCOUNTING: CHARTERED | ACCOUNTANT
2025,COM,CB011ACC04,,CB011,ACC04,Bachelor of Commerce,BCom,Financial Accounting: Chartered Accountant,extended,119,"*Students who registered prior to 2024 are required to complete CML1004S in year 2. | **This course is a recommendation for students to continue with the accounting discipline in each | year. It is replaced by repeating ACC2012W if it has been failed. | **May be completed in the 4th year instead. | Bachelor of Commerce specialising in PHILOSOPHY, POLITICS & ECONOMICS"
2025,COM,CB011PHI03,,CB011,PHI03,Bachelor of Commerce,BCom,"Philosophy, Politics & Economics",extended,120,"OR 2 NQF Level 6 courses from ................................................. | NQF Level 7 ECO course* ........................................................ 18 7 | OR 1 NQF Level 6 Course from: ................................................ | Any POL NQF Level 6 course ........................................................ | Any PHI NQF Level 6 course ........................................................ | Any POL NQF Level 7 course ........................................................ | Any PHI NQF Level 7 course ......................................................... | Any ECO NQF Level 7 course ........................................................ | OR NQF Level 6 or 7 course ........................................................ | *Students who wish to study towards an Honours degree in Economics must complete ECO3021S. | **Students who wish to study towards an Honours degree in Philosophy, Politics and Economics must | do at least two first year courses in the discipline which they do not take up to the third year level. | Bachelor of Commerce 4 Year AD specialising in ECONOMICS AND FINANCE"
2025,COM,CB011ECO02,,CB011,ECO02,Bachelor of Commerce,BCom,Economics and Finance,extended,121,"*Students wishing to register for MAM2000W after completing MAM1010F/S and MAM1012F/S | must obtain permission from the convener of MAM2000W. See the MAM2000W handbook entry | for further details. | **BUS2033 is usually offered to 3rd year students. If 2nd year, then only 2nd semester is permitted. | Bachelor of Commerce 4 Year AD specialising in ECONOMICS AND STATISTICS"
2025,COM,CB011ECO04,,CB011,ECO04,Bachelor of Commerce,BCom,Economics and Statistics,extended,122,"*** Required for students who wish to pursue an honours degree in statistics. | **** Strongly recommended for students who wish to pursue an honours degree in statistics. | *STA1006S is compulsory for students following the Mathematical Statistics option in the second | and subsequent years. | ** BUS2033 is usually offered to 3rd year students. If 2nd year, then only 2nd semester is permitted. | *** Required for students who wish to pursue an honours degree in statistics. | **** Strongly recommended for students who wish to pursue an honours degree in statistics. | Bachelor of Commerce specialising in ECONOMICS with LAW*"
2025,COM,CB011ECO03,,CB011,ECO03,Bachelor of Commerce,BCom,Economics with Law,extended,123,"** Places on the Law Courses in the 2nd and third year are limited. To be eligible for consideration | for a possible (but not guaranteed) place, students wishing to apply to take Law courses in 2nd | and 3rd year need to fulfil all the requirements set out in Promotion Rule FBA16.1 | Bachelor of Commerce specialising in INFORMATION SYSTEMS"
2025,COM,CB011INF01,,CB011,INF01,Bachelor of Commerce,BCom,Information Systems,extended,124,Elective 1 Plus 1 approved course*** ......................................................... 18 5 or 6 | Elective 2 Plus 1 approved course*** ............................................................ 6 | Elective 3 Plus 1 approved course*** ............................................................ 6 | *Students who wish to keep the option of a dual Information Systems and Computer Science major | open are requested to register for CB001INF06 and complete CSC1015F and CSC1016S in first year | **Students who complete CSC1015F can complete CSC1016S in first year in substitution for | INF1003F in second year | ***Approved courses are below. A 2nd year elective can be NQF level 5 or 6. A 3rd year elective can | only be NQF level 6. | Year 2 Electives | Course NQF Level | BUS1007S: Introduction to Organisational Psychology 5 | MAM1012S: Mathematics 1012 5 | POL1004F: Introduction to Politics 5 | PHI1025S: Critical Thinking 5 | BUS2024F: Psychology of Human Resource Management 6 | BUS2023S: Organisational Behaviour 6 | CML2001F: Company Law 6 | CML2005F: Labour Law 6 | ECO2003F: Microeconomics II 6 | ECO2004S: Macroeconomics II 6 | ECO2007S: Co-operation and Competition 6 | FTX2000S: Personal Finance Management 6 | FTX2020F: Business Finance 6 | PHI2037S: Applied Ethics 6 | STA2020F/S: Applied Statistics 6 | Bachelor of Commerce specialising in INFORMATION SYSTEMS AND COMPUTER | SCIENCE
2025,COM,CB011INF06,,CB011,INF06,Bachelor of Commerce,BCom,Information Systems and Computer Science,extended,126,Bachelor of Commerce specialising in INFORMATION SYSTEMS AND FINANCE
2025,COM,CB011INF11,,CB011,INF11,Bachelor of Commerce,BCom,Information Systems and Finance,extended,127,**Students who complete CSC1015F can complete CSC1016S in first year in substitution for | INF1003F in second year. | ***Students who fail STA1000S are recommended to register for STA1000P (subject to approval). | **Students who complete CSC1015F can complete CSC1016S in first year in substitution for | INF1003F in second year. | ***Students who fail STA1000S are recommended to register for STA1000P (subject to approval). | * Students who complete CSC1015F can complete CSC1016S in first year in substitution for | INF1003F in second year. | Bachelor of Commerce specialising in MANAGEMENT STUDIES
2025,COM,CB011BUS06,,CB011,BUS06,Bachelor of Commerce,BCom,Management Studies,extended,128,"Notes on core courses and electives: |  Depending on the individual student’s interest and abilities, students can follow one or | more specialised disciplines within the programme structure. The list of pre-approved | electives available to students appears below, however students wishing to take electives | that do not appear on the list below should request permission to take these courses from | the programme convener. |  All normal course prerequisite rules apply. |  All normal course equivalents apply as per the Commerce Faculty undergraduate | handbook |  Students wishing to be eligible for Honours in a particular discipline need to ensure that | they register for the appropriate courses in that discipline. |  The guide below assists students in choosing electives if they are interested in eligibility | to apply for Honours in a particular discipline commonly taken by students on the degree | programme (note that students must achieve the required marks as per the entrance | requirements described in the postgraduate handbook): | Economics: | ECO2007S OR ECO2008S, plus ECO3020F, ECO3021S plus another ECO course at 3rd year level | Finance and Tax: | MAM1012S, FTX2024F/S, STA2020F/S, FTX3044F, FTX3045S | Information Systems: | BUS2033S, INF1003F INF2008F, INF2009F, INF2010S and INF2011S plus INF3003W, INF3014F | and INF3012S OR INF3011F, INF3012S and INF3014F | Marketing: | MAM1012S, BUS2010F/S, STA2020F/S, BUS3041F, BUS3043S, BUS3008W, STA3022F | Organisational Psychology: | PSY1004F, PSY1005S, BUS1007S, BUS2024F, BUS2023S, BUS3003F, BUS3004S | Statistical Sciences: | MAM1012S, STA2020F and STA2030S, STA3030F, STA3036S (STA3022F optional) | Additional information: |  BUS3039 is not available to students who wish to pursue an Honours degree in | Organisational Psychology. These students must take an alternative course at 3rd year | level. Students may not register for both BUS2023S and BUS3039 within the degree | programme. |  Places on the Law Courses in the 2nd and third year are limited. To be eligible for | consideration for a possible (but not guaranteed) place, students wishing to apply to take | Law courses in 2nd and 3rd year need to fulfil all the requirements as set out in Promotion | Rule FBA16. |  Students may not register for PHI1025F as an elective if they have already completed | BUS1036F/S | 1st year level electives: | BUS1004F Introduction to Strategy and Marketing | BUS1007S Introduction to Organisational Psychology | CSC1016S Computer Science 1016 | EGS1007S Human and Physical Systems | GEO1009FIntroduction to Earth and Environmental Sciences | INF1003F Commercial Programming | MAM1012S Mathematics 1012 | PHI1024F Introduction to Philosophy | PHI1026F Critical Foundations | PHI1010S Ethics | POL1004F Introduction to Politics | POL1005S Introduction to Politics B | PSY1004F Introduction to Psychology (Part 1) (only with permission from the HOD) | PSY1005S Introduction to Psychology (Part 2) (only with permission from the HOD) | 2nd year level electives: | BUS2023S Organisational Behaviour (may not be taken with BUS3039) | BUS2024F Psychology of Human Resource Management | CML2001FCompany Law | CSC2001F Computer Science 2001 | CSC2002S Computer Science 2002 | ECO2003F Microeconomics 2 | ECO2004S Macroeconomics 2 | ECO2007S Co-operation and Competition | ECO2008S Development Economics | EGS2013F The Physical Environment | EGS2014S Contemporary Urban Challenges | END1019LSocial Infrastructures: Engaging with Community for Change | INF2004F Information Technology in Business | INF2009F Systems Analysis | INF2010S IT Architecture | INF2011S Systems Design & Development | PHI2012F Philosophy of Psychology and Mind | PHI2037F Applied Ethics | PHI2042F Political Philosophy | PHI2044F Philosophy of Mathematics | PHI2016S Philosophy of Art and Literature | PHI2040S Philosophy of Science | PHI2041S Great Philosophers | POL2038F Comparative Politics | POL2002S Political Theory | POL2036F Introductory Political Economy | POL2039F The Politics of International Economic Relations | PSY2013F Social and Developmental Psychology | PSY2014S Cognitive Neuroscience and Abnormal Psychology | PSY2015F Research Methods I | PSY2003S Social Psychology and Intergroup Relations | PSY2010S Cognition and Neuroscience | PVL1003WFoundations of South African Law | PVL1008H Law of Persons and Family (formerly PVL1008S) | PVL1004F South African Private Law: System and Context | STA2020F/S Business Statistics | STA2030S Theory of Statistics | 3rd year level electives: | BUS3041F Marketing IIA | BUS3003F Research Design in Organisational Psychology | BUS3008WResearch in Marketing | BUS3038S Introduction to Project Management | BUS3043S Marketing IIB | BUS3004S Research Data Analysis in Organisational Psychology | CSC3002F Computer Science 3002 | CSC3003S Computer Science 3003 | ECO3024F International Trade and Finance | ECO3020F Advanced Macro & Microeconomics | ECO3009F Natural Resource Economics | ECO3016F History of Economic Thought | ECO3021S Quantitative Methods in Economics | ECO3022S Advanced Labour Economics | ECO3023S Public Sector Economics | ECO3025S Applied International Trade Bargaining | EGS3012S Atmospheric Science | EGS3023F Anthropocene Environments in Perspective | EGS3021F Sustainability and the Environment | EGS3022S Geographic Thought | FTX3044F Investment Management A | FTX3045S Investment Management B | INF3014F Electronic Commerce | INF3003W Systems Development Project I | INF3012S BPM & Enterprise Systems | PBL2000WConstitutional Law | PHI3023F Logic and Language | PHI3024S Metaphysics and Epistemology | POL3030F Conflict in World Politics | POL3013S SA Political Thought | POL3029S Third World Politics | POL3046S South African Political Thought | PSY3005F Critical Psychology | PSY3008F Health Psychology | PSY3011S Clinical Psychology II | PSY3007S Research Methods in Psychology II | PSY3010S Introduction to Clinical Neuropsychology | PVL2002HLaw of Property | PVL2003HLaw of Succession | STA3022F Research and Survey Statistics | STA3030F Inferential Statistics | STA3036S Operational Research Techniques | Depending on the individual student’s interest and abilities, students can follow one or more | specialised disciplines within the programme structure. The list of pre-approved electives available to | students appears below, however students wishing to take electives that do not appear on the list below | should request permission to take these courses from the programme convener. All normal | prerequisite rules apply. Students wishing to be eligible for Honours in a particular discipline need to | ensure that they register for the appropriate courses in that discipline. | 1st year level: | BUS1007S Introduction to Organisational Psychology | CSC1016S Computer Science 1016 | EGS1003S Geography, Development and Environment | GEO1009F Introduction to Earth and Environmental Sciences | INF1003F Commercial Programming | PHI1024F Introduction to Philosophy | PHI1026F Critical Foundations | PHI1010S Ethics | POL1004F Introduction to Politics | POL1005S Introduction to Politics B | PSY1004F Introduction to Psychology (Part 1) | PSY1005S Introduction to Psychology (Part 2) | 2nd year level: | ACC2012W Financial Reporting II | ACC2018H Governance, Audit and Assurance I | ACC2022H Management Accounting I | ACC2023H Taxation I | BUS2024F Psychology of Human Resource Management | CML2001F Company Law | CSC2001F Computer Science 2001 | CSC2002S Computer Science 2002 | ECO2007S Co-operation and Competition | ECO2008S Development Economics | EGS2013F The Physical Environment | EGS2014S Contemporary Urban Challenges | END1019L Social Infrastructures: Engaging with Community for Change | INF2004F Information Technology in Business | INF2009F Systems Analysis | INF2010S IT Architecture | INF2011S Systems Design & Development | MAM2000W Mathematics II | PHI2012F Philosophy of Psychology and Mind | PHI2037F Applied Ethics | PHI2042F Political Philosophy | PHI2044F Philosophy of Mathematics | PHI2016S Philosophy of Art and Literature | PHI2040S Philosophy of Science | PHI2041S Great Philosophers | POL2038F Comparative Politics | POL2002S Political Theory | POL2036F Introductory Political Economy | POL2039F The Politics of International Economic Relations | PSY2013F Social and Developmental Psychology | PSY2014S Cognitive Neuroscience and Abnormal Psychology | PSY2015F Research Methods I | PSY2003S Social Psychology and Intergroup Relations | PSY2010S Cognition and Neuroscience | PVL1003W Foundations of South African Law | PVL1008S Law of Persons and Family (formerly PVL1008S) | PVL1004F South African Private Law: System and Context | STA2005S Linear Models | STA2030S Theory of Statistics | 3rd year level: | ACC3004W Taxation II | ACC3022W Governance, Audit and Assurance II | ACC3000H Business Analysis & Governance | ACC3009W Financial Reporting III | ACC3020W Financial Reporting & Analysis | ACC3023W Management Accounting II | BUS3041F Marketing IIA | BUS3003F Research Design in Organisational Psychology | BUS3008W Research in Marketing | BUS3038S Introduction to Project Management | BUS3043S Marketing IIB | BUS3004S Research Data Analysis in Organisational Psychology | CSC3002F Computer Science 3002 | CSC3003S Computer Science 3003 | ECO3024F International Trade and Finance | ECO3020F Advanced Macro & Microeconomics | ECO3009F Natural Resource Economics | ECO3016F History of Economic Thought | ECO3021S Quantitative Methods in Economics | ECO3022S Advanced Labour Economics | ECO3023S Public Sector Economics | ECO3025S Applied International Trade Bargaining | EGS3012S Atmospheric Science | EGS3020F Environmental Change and Challenge | EGS3021F Sustainability and the Environment | EGS3022S Geographic Thought | FTX3044F Investment Management A | FTX3045S Investment Management B | INF3014F Electronic Commerce | INF3003W Systems Development Project I | INF3012S BPM & Enterprise Systems | PBL2000W Constitutional Law | PHI3023F Logic and Language | PHI3024S Metaphysics and Epistemology | POL3030F Conflict in World Politics | POL3013S SA Political Thought | POL3029S Third World Politics | POL3046S South African Political Thought | PSY3005F Critical Psychology | PSY3008F Health Psychology | PSY3011S Clinical Psychology II | PSY3007S Research Methods in Psychology II | PSY3010S Introduction to Clinical Neuropsychology | PVL2002H Law of Property | PVL2003H Law of Succession | STA3022F Research and Survey Statistics | STA3030F Inferential Statistics | STA3036S Operational Research Techniques | STA3041F Stochastic Processes & Time Series | STA3043S Statistical Modelling, Machine Learning & Bayesian Analysis | STA3047S Introduction to Machine Learning | STA3048S Statistical Modelling & Bayesian Analysis"
